predictor,Total costs,Total costs SE,Avoidable costs,Avoidable costs SE,Active chronic conditions,Active chronic conditions SE,ADDED: Calculated gagne score,ADDED: Calculated gagne score SE,Race black,Race black SE
Total costs,0.6977560718791103,0.004094562891041896,0.7887702798821311,0.0036393994277016816,0.7381502309700743,0.003919903890805094,0.45602335268572114,0.0044407938313114305,0.13427561837455831,0.003039942341282948
Avoidable costs,0.6671443282628906,0.004201601131153575,0.7842768112178655,0.003667414893092452,0.808345049206668,0.003509420058382178,0.46207310633910326,0.004445226721143908,0.14664310954063603,0.0031540830302793144
Active chronic conditions,0.6265016911259682,0.004313029068138578,0.7405925056168359,0.003908029715716683,0.843894356296445,0.0032361622304807464,0.46539788068260546,0.004447382472252544,0.15742049469964664,0.003247229797117505
ADDED: Calculated gagne score,0.5448920024433039,0.004440065654096821,0.6419676425095684,0.004274591814905697,0.760343442458325,0.0038060676404826905,0.468324456033963,0.004449115724159358,0.14257950530035335,0.0031174710077932054
Best-worst difference,0.15286406943580633,,0.14680263737256272,,0.10574412532637079,,0.01230110334824186,,0.023144876325088326,
