,log_cost_t,log_cost_avoidable_t,gagne_sum_t,our_gagne_score,TOTAL
black,93.0,125.0,137.0,117.0,1825.0
black %,5.095890410958904,6.8493150684931505,7.506849315068494,6.410958904109589,
white,389.0,357.0,345.0,365.0,14274.0
white %,2.725234692447807,2.501050861706599,2.4169819251786464,2.557096819391901,
