predictor,Total costs,Total costs SE,Avoidable costs,Avoidable costs SE,Active chronic conditions,Active chronic conditions SE,ADDED: Calculated gagne score,ADDED: Calculated gagne score SE,ADDED: Calculated CCI score,ADDED: Calculated CCI score SE,Race black,Race black SE
Total costs,0.1659074538879643,0.002931842385290041,0.2342076137573872,0.003337771303628371,0.12061775354016772,0.0025668176350626265,0.3030354417500424,0.00362203472147018,0.14943283582089553,0.0028098159625103364,0.19294605809128632,0.00311006729647895
Avoidable costs,0.15724267685396648,0.0028690428299404393,0.2686271848309562,0.003493372821211095,0.1523303239998167,0.0028320900379139747,0.4132609801594031,0.0038809248754812678,0.19397014925373135,0.003116330876977673,0.25933609958506226,0.00345416139581289
Active chronic conditions,0.14274839123098998,0.002757022532109378,0.245494601875248,0.0033919754392233623,0.16497869025250905,0.0029252517979761273,0.4597252840427336,0.003927869646975966,0.21558208955223881,0.0032410119995265646,0.2842323651452282,0.003554866883686238
ADDED: Calculated gagne score,0.13932804137853047,0.002729220612124664,0.22833702257397623,0.0033082822044899463,0.1505430548554145,0.002818393300616011,0.5251822960827539,0.003935673298947018,0.2253731343283582,0.00329304677598833,0.24273858921161826,0.0033790364351707256
ADDED: Calculated CCI score,0.13648048130730459,0.0027056517805928754,0.22824566166182889,0.0033078160895205445,0.1491682324366436,0.0028077637971773662,0.47973545870781753,0.003937436595353922,0.23976119402985074,0.003364844611203595,0.2863070539419087,0.00356264275929234
Best-worst difference,0.02942697258065971,,0.040381523169127326,,0.04436093671234133,,0.22214685433271153,,0.09032835820895521,,0.09336099585062238,
