predictor,Total costs,Total costs SE,Avoidable costs,Avoidable costs SE,Active chronic conditions,Active chronic conditions SE,ADDED: Calculated gagne score,ADDED: Calculated gagne score SE,Race black,Race black SE
Total costs,0.1659074538879643,0.002931842385290041,0.2342076137573872,0.003337771303628371,0.12061775354016772,0.0025668176350626265,0.3030354417500424,0.00362203472147018,0.19294605809128632,0.00311006729647895
Avoidable costs,0.15724267685396648,0.0028690428299404393,0.2686271848309562,0.003493372821211095,0.1523303239998167,0.0028320900379139747,0.4132609801594031,0.0038809248754812678,0.25933609958506226,0.00345416139581289
Active chronic conditions,0.14274839123098998,0.002757022532109378,0.245494601875248,0.0033919754392233623,0.16497869025250905,0.0029252517979761273,0.4597252840427336,0.003927869646975966,0.2842323651452282,0.003554866883686238
ADDED: Calculated gagne score,0.13932804137853047,0.002729220612124664,0.22833702257397623,0.0033082822044899463,0.1505430548554145,0.002818393300616011,0.5251822960827539,0.003935673298947018,0.24273858921161826,0.0033790364351707256
Best-worst difference,0.026579412509433825,,0.04029016225697998,,0.04436093671234133,,0.22214685433271153,,0.09128630705394189,
