predictor,Total costs,Total costs SE,Avoidable costs,Avoidable costs SE,Active chronic conditions,Active chronic conditions SE,ADDED: Calculated gagne score,ADDED: Calculated gagne score SE,ADDED: Calculated CCI score,ADDED: Calculated CCI score SE,Race black,Race black SE
Total costs,0.14344491671603804,0.0027626176334871965,0.24984860191701297,0.0034120349661047648,0.1488474405389304,0.0028052717623203776,0.42309648974054603,0.003893783959012008,0.19898507462686568,0.0031465244092950765,0.2676348547717842,0.00348927918264326
Avoidable costs,0.14548696554984952,0.002778893727953756,0.2613861799653351,0.0034629847208904347,0.15998350213097476,0.002889229612385107,0.4470069526878074,0.003918479006910205,0.2066268656716418,0.0031910432376890847,0.2717842323651452,0.003506248700426311
Active chronic conditions,0.14147006210549,0.002746695676813293,0.24521268820347902,0.003390660559019802,0.1646120709408368,0.0029226410976825106,0.4604035950483297,0.003928298007064454,0.21564179104477613,0.003241337382787588,0.2863070539419087,0.00356264275929234
ADDED: Calculated gagne score,0.13932804137853047,0.002729220612124664,0.22833702257397623,0.0033082822044899463,0.1505430548554145,0.002818393300616011,0.5251822960827539,0.003935673298947018,0.2253731343283582,0.00329304677598833,0.24273858921161826,0.0033790364351707256
ADDED: Calculated CCI score,0.13666485570040554,0.0027071896660086706,0.2285458475160273,0.0033093467753033063,0.14925988726456166,0.002808474982943146,0.47973545870781753,0.003937436595353922,0.23976119402985074,0.003364844611203595,0.2863070539419087,0.00356264275929234
Best-worst difference,0.008822109849443982,,0.03304915739135886,,0.0157646304019064,,0.10208580634220787,,0.04077611940298506,,0.04356846473029044,
